Product,Keywords,Campaign,Criterion Type
sofas,sofas on a budget,SEM_Sofas,Exact
sofas,on a budget sofas,SEM_Sofas,Exact
sofas,sofas buy,SEM_Sofas,Exact
sofas,buy sofas,SEM_Sofas,Exact
sofas,sofas disocunt,SEM_Sofas,Exact
sofas,disocunt sofas,SEM_Sofas,Exact
sofas,sofas promotion,SEM_Sofas,Exact
sofas,promotion sofas,SEM_Sofas,Exact
sofas,sofas promo,SEM_Sofas,Exact
sofas,promo sofas,SEM_Sofas,Exact
sofas,sofas cheap,SEM_Sofas,Exact
sofas,cheap sofas,SEM_Sofas,Exact
sofas,sofas leather,SEM_Sofas,Exact
sofas,leather sofas,SEM_Sofas,Exact
sofas,sofas wooden,SEM_Sofas,Exact
sofas,wooden sofas,SEM_Sofas,Exact
sofas,sofas white,SEM_Sofas,Exact
sofas,white sofas,SEM_Sofas,Exact
sofas,sofas small,SEM_Sofas,Exact
sofas,small sofas,SEM_Sofas,Exact
sofas,sofas big,SEM_Sofas,Exact
sofas,big sofas,SEM_Sofas,Exact
convertible sofas,convertible sofas on a budget,SEM_Sofas,Exact
convertible sofas,on a budget convertible sofas,SEM_Sofas,Exact
convertible sofas,convertible sofas buy,SEM_Sofas,Exact
convertible sofas,buy convertible sofas,SEM_Sofas,Exact
convertible sofas,convertible sofas disocunt,SEM_Sofas,Exact
convertible sofas,disocunt convertible sofas,SEM_Sofas,Exact
convertible sofas,convertible sofas promotion,SEM_Sofas,Exact
convertible sofas,promotion convertible sofas,SEM_Sofas,Exact
convertible sofas,convertible sofas promo,SEM_Sofas,Exact
convertible sofas,promo convertible sofas,SEM_Sofas,Exact
convertible sofas,convertible sofas cheap,SEM_Sofas,Exact
convertible sofas,cheap convertible sofas,SEM_Sofas,Exact
convertible sofas,convertible sofas leather,SEM_Sofas,Exact
convertible sofas,leather convertible sofas,SEM_Sofas,Exact
convertible sofas,convertible sofas wooden,SEM_Sofas,Exact
convertible sofas,wooden convertible sofas,SEM_Sofas,Exact
convertible sofas,convertible sofas white,SEM_Sofas,Exact
convertible sofas,white convertible sofas,SEM_Sofas,Exact
convertible sofas,convertible sofas small,SEM_Sofas,Exact
convertible sofas,small convertible sofas,SEM_Sofas,Exact
convertible sofas,convertible sofas big,SEM_Sofas,Exact
convertible sofas,big convertible sofas,SEM_Sofas,Exact
love seats,love seats on a budget,SEM_Sofas,Exact
love seats,on a budget love seats,SEM_Sofas,Exact
love seats,love seats buy,SEM_Sofas,Exact
love seats,buy love seats,SEM_Sofas,Exact
love seats,love seats disocunt,SEM_Sofas,Exact
love seats,disocunt love seats,SEM_Sofas,Exact
love seats,love seats promotion,SEM_Sofas,Exact
love seats,promotion love seats,SEM_Sofas,Exact
love seats,love seats promo,SEM_Sofas,Exact
love seats,promo love seats,SEM_Sofas,Exact
love seats,love seats cheap,SEM_Sofas,Exact
love seats,cheap love seats,SEM_Sofas,Exact
love seats,love seats leather,SEM_Sofas,Exact
love seats,leather love seats,SEM_Sofas,Exact
love seats,love seats wooden,SEM_Sofas,Exact
love seats,wooden love seats,SEM_Sofas,Exact
love seats,love seats white,SEM_Sofas,Exact
love seats,white love seats,SEM_Sofas,Exact
love seats,love seats small,SEM_Sofas,Exact
love seats,small love seats,SEM_Sofas,Exact
love seats,love seats big,SEM_Sofas,Exact
love seats,big love seats,SEM_Sofas,Exact
recliners,recliners on a budget,SEM_Sofas,Exact
recliners,on a budget recliners,SEM_Sofas,Exact
recliners,recliners buy,SEM_Sofas,Exact
recliners,buy recliners,SEM_Sofas,Exact
recliners,recliners disocunt,SEM_Sofas,Exact
recliners,disocunt recliners,SEM_Sofas,Exact
recliners,recliners promotion,SEM_Sofas,Exact
recliners,promotion recliners,SEM_Sofas,Exact
recliners,recliners promo,SEM_Sofas,Exact
recliners,promo recliners,SEM_Sofas,Exact
recliners,recliners cheap,SEM_Sofas,Exact
recliners,cheap recliners,SEM_Sofas,Exact
recliners,recliners leather,SEM_Sofas,Exact
recliners,leather recliners,SEM_Sofas,Exact
recliners,recliners wooden,SEM_Sofas,Exact
recliners,wooden recliners,SEM_Sofas,Exact
recliners,recliners white,SEM_Sofas,Exact
recliners,white recliners,SEM_Sofas,Exact
recliners,recliners small,SEM_Sofas,Exact
recliners,small recliners,SEM_Sofas,Exact
recliners,recliners big,SEM_Sofas,Exact
recliners,big recliners,SEM_Sofas,Exact
sofa beds,sofa beds on a budget,SEM_Sofas,Exact
sofa beds,on a budget sofa beds,SEM_Sofas,Exact
sofa beds,sofa beds buy,SEM_Sofas,Exact
sofa beds,buy sofa beds,SEM_Sofas,Exact
sofa beds,sofa beds disocunt,SEM_Sofas,Exact
sofa beds,disocunt sofa beds,SEM_Sofas,Exact
sofa beds,sofa beds promotion,SEM_Sofas,Exact
sofa beds,promotion sofa beds,SEM_Sofas,Exact
sofa beds,sofa beds promo,SEM_Sofas,Exact
sofa beds,promo sofa beds,SEM_Sofas,Exact
sofa beds,sofa beds cheap,SEM_Sofas,Exact
sofa beds,cheap sofa beds,SEM_Sofas,Exact
sofa beds,sofa beds leather,SEM_Sofas,Exact
sofa beds,leather sofa beds,SEM_Sofas,Exact
sofa beds,sofa beds wooden,SEM_Sofas,Exact
sofa beds,wooden sofa beds,SEM_Sofas,Exact
sofa beds,sofa beds white,SEM_Sofas,Exact
sofa beds,white sofa beds,SEM_Sofas,Exact
sofa beds,sofa beds small,SEM_Sofas,Exact
sofa beds,small sofa beds,SEM_Sofas,Exact
sofa beds,sofa beds big,SEM_Sofas,Exact
sofa beds,big sofa beds,SEM_Sofas,Exact
sofas,sofas on a budget,SEM_Sofas,Phrase
sofas,on a budget sofas,SEM_Sofas,Phrase
sofas,sofas buy,SEM_Sofas,Phrase
sofas,buy sofas,SEM_Sofas,Phrase
sofas,sofas disocunt,SEM_Sofas,Phrase
sofas,disocunt sofas,SEM_Sofas,Phrase
sofas,sofas promotion,SEM_Sofas,Phrase
sofas,promotion sofas,SEM_Sofas,Phrase
sofas,sofas promo,SEM_Sofas,Phrase
sofas,promo sofas,SEM_Sofas,Phrase
sofas,sofas cheap,SEM_Sofas,Phrase
sofas,cheap sofas,SEM_Sofas,Phrase
sofas,sofas leather,SEM_Sofas,Phrase
sofas,leather sofas,SEM_Sofas,Phrase
sofas,sofas wooden,SEM_Sofas,Phrase
sofas,wooden sofas,SEM_Sofas,Phrase
sofas,sofas white,SEM_Sofas,Phrase
sofas,white sofas,SEM_Sofas,Phrase
sofas,sofas small,SEM_Sofas,Phrase
sofas,small sofas,SEM_Sofas,Phrase
sofas,sofas big,SEM_Sofas,Phrase
sofas,big sofas,SEM_Sofas,Phrase
convertible sofas,convertible sofas on a budget,SEM_Sofas,Phrase
convertible sofas,on a budget convertible sofas,SEM_Sofas,Phrase
convertible sofas,convertible sofas buy,SEM_Sofas,Phrase
convertible sofas,buy convertible sofas,SEM_Sofas,Phrase
convertible sofas,convertible sofas disocunt,SEM_Sofas,Phrase
convertible sofas,disocunt convertible sofas,SEM_Sofas,Phrase
convertible sofas,convertible sofas promotion,SEM_Sofas,Phrase
convertible sofas,promotion convertible sofas,SEM_Sofas,Phrase
convertible sofas,convertible sofas promo,SEM_Sofas,Phrase
convertible sofas,promo convertible sofas,SEM_Sofas,Phrase
convertible sofas,convertible sofas cheap,SEM_Sofas,Phrase
convertible sofas,cheap convertible sofas,SEM_Sofas,Phrase
convertible sofas,convertible sofas leather,SEM_Sofas,Phrase
convertible sofas,leather convertible sofas,SEM_Sofas,Phrase
convertible sofas,convertible sofas wooden,SEM_Sofas,Phrase
convertible sofas,wooden convertible sofas,SEM_Sofas,Phrase
convertible sofas,convertible sofas white,SEM_Sofas,Phrase
convertible sofas,white convertible sofas,SEM_Sofas,Phrase
convertible sofas,convertible sofas small,SEM_Sofas,Phrase
convertible sofas,small convertible sofas,SEM_Sofas,Phrase
convertible sofas,convertible sofas big,SEM_Sofas,Phrase
convertible sofas,big convertible sofas,SEM_Sofas,Phrase
love seats,love seats on a budget,SEM_Sofas,Phrase
love seats,on a budget love seats,SEM_Sofas,Phrase
love seats,love seats buy,SEM_Sofas,Phrase
love seats,buy love seats,SEM_Sofas,Phrase
love seats,love seats disocunt,SEM_Sofas,Phrase
love seats,disocunt love seats,SEM_Sofas,Phrase
love seats,love seats promotion,SEM_Sofas,Phrase
love seats,promotion love seats,SEM_Sofas,Phrase
love seats,love seats promo,SEM_Sofas,Phrase
love seats,promo love seats,SEM_Sofas,Phrase
love seats,love seats cheap,SEM_Sofas,Phrase
love seats,cheap love seats,SEM_Sofas,Phrase
love seats,love seats leather,SEM_Sofas,Phrase
love seats,leather love seats,SEM_Sofas,Phrase
love seats,love seats wooden,SEM_Sofas,Phrase
love seats,wooden love seats,SEM_Sofas,Phrase
love seats,love seats white,SEM_Sofas,Phrase
love seats,white love seats,SEM_Sofas,Phrase
love seats,love seats small,SEM_Sofas,Phrase
love seats,small love seats,SEM_Sofas,Phrase
love seats,love seats big,SEM_Sofas,Phrase
love seats,big love seats,SEM_Sofas,Phrase
recliners,recliners on a budget,SEM_Sofas,Phrase
recliners,on a budget recliners,SEM_Sofas,Phrase
recliners,recliners buy,SEM_Sofas,Phrase
recliners,buy recliners,SEM_Sofas,Phrase
recliners,recliners disocunt,SEM_Sofas,Phrase
recliners,disocunt recliners,SEM_Sofas,Phrase
recliners,recliners promotion,SEM_Sofas,Phrase
recliners,promotion recliners,SEM_Sofas,Phrase
recliners,recliners promo,SEM_Sofas,Phrase
recliners,promo recliners,SEM_Sofas,Phrase
recliners,recliners cheap,SEM_Sofas,Phrase
recliners,cheap recliners,SEM_Sofas,Phrase
recliners,recliners leather,SEM_Sofas,Phrase
recliners,leather recliners,SEM_Sofas,Phrase
recliners,recliners wooden,SEM_Sofas,Phrase
recliners,wooden recliners,SEM_Sofas,Phrase
recliners,recliners white,SEM_Sofas,Phrase
recliners,white recliners,SEM_Sofas,Phrase
recliners,recliners small,SEM_Sofas,Phrase
recliners,small recliners,SEM_Sofas,Phrase
recliners,recliners big,SEM_Sofas,Phrase
recliners,big recliners,SEM_Sofas,Phrase
sofa beds,sofa beds on a budget,SEM_Sofas,Phrase
sofa beds,on a budget sofa beds,SEM_Sofas,Phrase
sofa beds,sofa beds buy,SEM_Sofas,Phrase
sofa beds,buy sofa beds,SEM_Sofas,Phrase
sofa beds,sofa beds disocunt,SEM_Sofas,Phrase
sofa beds,disocunt sofa beds,SEM_Sofas,Phrase
sofa beds,sofa beds promotion,SEM_Sofas,Phrase
sofa beds,promotion sofa beds,SEM_Sofas,Phrase
sofa beds,sofa beds promo,SEM_Sofas,Phrase
sofa beds,promo sofa beds,SEM_Sofas,Phrase
sofa beds,sofa beds cheap,SEM_Sofas,Phrase
sofa beds,cheap sofa beds,SEM_Sofas,Phrase
sofa beds,sofa beds leather,SEM_Sofas,Phrase
sofa beds,leather sofa beds,SEM_Sofas,Phrase
sofa beds,sofa beds wooden,SEM_Sofas,Phrase
sofa beds,wooden sofa beds,SEM_Sofas,Phrase
sofa beds,sofa beds white,SEM_Sofas,Phrase
sofa beds,white sofa beds,SEM_Sofas,Phrase
sofa beds,sofa beds small,SEM_Sofas,Phrase
sofa beds,small sofa beds,SEM_Sofas,Phrase
sofa beds,sofa beds big,SEM_Sofas,Phrase
sofa beds,big sofa beds,SEM_Sofas,Phrase
